pl_name,pl_orbsmax,pl_rade,pl_orbeccen,pl_insol,st_teff,st_rad,st_mass,st_lum,sy_dist,sy_snum,sy_pnum,disc_year,habitable_candidate
HD 3167 b,0.01796,1.67,0.0,1650.0,5261.0,0.88,0.837,,47.2899,1,4,2016,0
TIC 139270665 b,0.163,7.22979255,0.105,40.3,5844.0,1.016,1.035,0.03222,189.875,1,2,2024,0
TOI-4087 b,0.04469,13.04725353,0.0,753.9,6060.0,1.112,1.178,0.17609,301.676,1,1,2023,0
Kepler-323 c,0.0458,1.57,0.095,700.0,6004.0,1.12,1.015,,454.883,1,2,2014,0
WASP-2 b,0.03144,12.116929,,492.0,5180.0,0.866,0.895,-0.31336,153.242,2,1,2007,0
KELT-20 b,0.0542,19.514869,,4362.5,8720.0,1.565,1.76,1.1038,136.426,1,1,2017,0
Kepler-784 c,0.1309,1.55,0.0,119.87,5676.0,1.487,1.016,,1303.72,1,2,2023,0
WASP-197 b,0.065,14.44837612,0.0,1276.0,6050.0,2.112,1.36,,483.675,1,1,2025,0
WASP-170 b,0.0337,12.285064,,680.0,5600.0,0.938,0.93,-0.11351,305.603,1,1,2018,0
K2-266 c,0.0679,0.705,0.042,32.4,4285.0,0.703,0.686,-0.82333,77.5586,2,4,2018,0
K2-72 c,0.078,1.16,0.11,2.2,3360.47,0.330989,0.271365,,66.4321,1,4,2016,0
K2-413 b,0.0117,0.7599,,921.755,4116.0,0.7,0.808,,285.162,1,2,2022,0
Kepler-138 c,0.0913,1.51,0.017,6.8,3841.0,0.535,0.535,-1.25181,66.8624,1,4,2014,0
EPIC 249893012 b,0.047,1.95,0.06,1037.0,5430.0,1.71,1.05,,321.296,1,3,2020,0
K2-68 b,0.0708,1.58,,41.0,4746.0,0.675,0.73,,168.652,1,1,2016,0
Kepler-1921 c,0.0454,1.41,0.0,2436.47,6120.0,2.0,1.251,,928.989,1,2,2023,0
HD 191939 b,0.0804,3.41,0.031,100.0,5348.0,0.94,0.81,-0.18709,53.6089,1,6,2020,0
Kepler-26 c,,2.72,,4.82,3914.0,0.512,0.544,,335.307,1,4,2011,0
TRAPPIST-1 b,0.01154,1.116,,4.153,2566.0,0.1192,0.0898,-3.25727,,1,7,2016,0
TRAPPIST-1 d,0.02227,0.788,,1.115,2566.0,0.1192,0.0898,-3.25727,,1,7,2016,0
TRAPPIST-1 f,0.03849,1.045,,0.373,2566.0,0.1192,0.0898,-3.25727,,1,7,2017,0
TRAPPIST-1 g,0.04683,1.129,,0.252,2566.0,0.1192,0.0898,-3.25727,,1,7,2017,0
Kepler-102 f,0.1656,0.861,0.1,10.0,4909.0,0.724,0.803,,107.796,1,5,2014,0
Kepler-58 e,0.0533,1.61,0.0,511.6,6100.0,1.083,1.017,,969.252,1,4,2023,0
L 98-59 b,0.0223,0.837,0.031,24.5,3415.0,0.3155,0.2923,-1.91364,10.6194,1,5,2019,0
Kepler-138 b,0.0753,0.64,0.02,9.9,3841.0,0.535,0.535,-1.25181,66.8624,1,4,2014,0
Kepler-725 b,0.2238,10.8,0.231,12.1,5395.0,0.88,0.95,,758.469,1,2,2016,0
TOI-4638.01,0.093013,2.933,,87.81,5700.0,0.895,1.02,,168.248,1,1,2024,0
Kepler-1998 b,0.0405,0.6,0.0,468.31,5640.0,0.921,0.962,,340.965,1,1,2023,0
Kepler-2000 b,0.0562,2.73,0.0,18.73,3757.0,0.576,0.581,,320.588,1,2,2023,0
HAT-P-32 b,0.03397,22.19382,0.159,1841.0,6001.0,1.367,1.132,0.33806,289.205,2,1,2011,0
LHS 1678 c,0.0327,0.941,0.039,13.5,3490.0,0.329,0.345,-1.83863,19.8782,2,3,2021,0
Kepler-1985 b,0.0426,2.27,0.0,382.68,5370.0,0.966,0.877,,,1,1,2023,0
TOI-1744.01,0.164086,2.68,,63.31,6179.0,1.14,1.18,,114.39,1,1,2024,0
Kepler-186 f,0.432,1.17,0.04,0.3,3755.0,0.523,0.544,-1.26,177.594,1,5,2014,0
K2-415 b,0.027,1.015,,4.82,3173.0,0.1965,0.1635,-2.45469,21.8182,1,1,2023,0
Kepler-307 c,,2.2,,44.0,5367.0,0.814,0.907,,575.581,1,2,2013,0
L 98-59 c,0.0309,1.329,0.002,12.7,3415.0,0.3155,0.2923,-1.91364,10.6194,1,5,2019,0
Kepler-164 e,0.4025,4.24,0.0,7.99,5888.0,1.097,0.966,,890.758,1,4,2023,0
TOI-5386 A b,0.04856,14.70618268,0.072,817.0,6094.0,1.245,1.165,0.28488,394.486,2,1,2025,0
Kepler-36 c,,3.679,0.0,191.0,5979.0,1.634,1.034,,527.956,1,2,2012,0
GJ 1214 b,0.01505,2.733,0.0062,17.2,3101.0,0.2162,0.182,-2.40894,14.6427,1,1,2009,0
TOI-6002 b,0.05722,1.65,0.15,1.6823,3229.0,0.2432,0.2101,-2.23508,32.0266,1,1,2024,1
K2-65 b,0.1014,1.58,,45.0,5213.0,0.84,0.87,,,1,1,2016,0
Kepler-26 b,,2.78,,7.6,3914.0,0.512,0.544,,335.307,1,4,2011,0
K2-411 b,0.0511,0.9898,,619.038,5711.0,1.375,1.018,,298.219,1,1,2022,0
HD 135694 b,0.124695,2.857,,71.8,5712.0,1.08,1.02,,73.8713,1,1,2023,0
K2-21 c,0.107,2.49,0.21,5.1,4222.06,0.646783,0.676023,,83.6448,1,2,2015,0
Kepler-19 b,0.0846,2.209,0.41,87.6,5541.0,0.859,0.936,,218.562,1,3,2011,0
TOI-169 b,0.03524,12.172974,0.0,1443.0,5880.0,1.288,1.147,0.25261,407.84,1,1,2020,0
Wolf 327 b,0.01,1.24,0.0,233.9,3542.0,0.406,0.405,-1.62986,28.5321,1,1,2024,0
HATS-65 b,0.04497,16.824709,0.062,1178.0,6277.0,1.31,1.257,0.37658,493.32,2,1,2018,0
K2-131 b,0.00936,1.69,0.0,4070.0,5120.0,0.7595,0.803,,152.509,1,1,2017,0
TOI-5720 b,0.018288,1.09,,41.7,3325.0,0.383,0.383,-1.79183,35.8256,1,1,2024,0
TOI-1452 b,0.061,1.672,0.0,1.8,3185.0,0.275,0.249,-2.1549,30.5212,2,1,2022,0
K2-3 b,0.0747,2.078,0.107,10.5,3844.0,0.546,0.549,-1.23136,44.0727,1,3,2015,0
HD 207496 b,0.0629,2.25,0.231,72.9,4819.0,0.769,0.8,,23.606,1,1,2023,0
WASP-45 b,0.03963,10.603714,,294.0,5150.0,0.855,0.85,-0.33555,211.196,2,1,2011,0
TOI-1789 b,0.04882,16.14093221,,2300.0,5991.0,2.168,1.507,0.7364,229.067,1,1,2021,0
EPIC 249893012 c,0.13,3.67,0.07,160.0,5430.0,1.71,1.05,,321.296,1,3,2020,0
TOI-2193 A b,0.03319,19.83989584,0.0,1600.0,5966.0,1.248,1.082,0.25018,337.064,2,1,2022,0
GJ 367 b,0.00709,0.699,0.06,579.0,3522.0,0.458,0.455,-1.5391,9.41263,1,3,2021,0
Kepler-438 b,0.166,1.12,0.03,1.4,3748.0,0.52,0.544,-1.357,,1,1,2015,1
TOI-2096 b,0.025,1.243,0.15,9.4,3300.0,0.235,0.231,-2.22768,48.4809,1,2,2023,0
TOI-1899 b,0.1525,11.09689089,0.044,3.4,3926.0,0.607,0.632,,128.438,1,1,2020,0
TOI-4137 b,0.05222,13.57407563,0.0,1013.0,6202.0,1.438,1.313,0.43933,334.993,1,1,2022,0
Kepler-1859 c,0.0473,1.66,0.0,732.82,5887.0,1.235,1.09,,1331.25,1,2,2023,0
Kepler-1610 c,0.2323,2.09,0.0,8.34,5295.0,0.8,0.825,,864.331,1,2,2023,0
TOI-3976 A b,0.0743,12.27383387,0.0,469.0,5975.0,1.501,1.254,0.41296,516.087,2,1,2023,0
KOI-4777.01,0.008,0.51,0.0,320.0,3515.0,0.4,0.41,,172.245,1,1,2022,0
HD 110113 b,0.035,2.05,0.093,735.49,5732.0,0.968,0.997,,106.307,1,2,2021,0
Kepler-107 c,0.06064,1.597,0.08,602.0,5854.0,1.447,1.238,,525.997,1,4,2014,0
WASP-149 b,0.024,15.24421375,0.0,1966.0,5750.0,1.08,1.05,,211.73,1,1,2025,0
TIC 393818343 b,0.1291,12.18416202,0.6058,2.28,5756.0,1.086,1.082,0.06744,93.7345,2,1,2024,0
HD 219134 d,0.237,1.61,0.138,4.72,4699.0,0.778,0.81,-0.57741,6.53127,1,6,2015,0
HD 42813 b,0.111,3.41,,74.7,5289.0,0.98,0.901,,68.192,1,3,2023,0
TOI-837 b,0.0888,9.16894621,,164.0,5995.0,1.052,1.142,0.1271,142.488,1,1,2020,0
TOI-4860 b,0.01808,8.7,0.008,42.5,3260.0,0.358,0.34,,80.1423,1,1,2023,0
TOI-733 b,0.0618,1.992,0.046,207.1,5585.0,0.949,0.956,-0.08619,75.2092,1,1,2023,0
TOI-2169 A b,0.0896,12.50922246,0.045,577.0,6270.0,1.82,1.42,0.66558,351.487,2,1,2025,0
TOI-3486 b,0.03138,10.5700688,0.078,334.0,4930.0,0.788,0.837,-0.4828,154.715,1,1,2025,0
HD 101581 b,0.046,0.956,,80.0,4675.0,0.63,0.653,,12.7781,1,2,2025,0
TOI-4214 b,0.05018,10.68215861,0.17,1210.0,6370.0,1.434,1.382,0.48287,346.881,1,1,2025,0
LHS 1678 d,0.04,0.981,0.036,9.1,3490.0,0.329,0.345,-1.83863,19.8782,2,3,2024,0
TOI-125 d,0.137,2.93,0.168,26.7,5320.0,0.848,0.859,-0.28483,111.059,1,3,2020,0
TOI-2000 b,0.04271,2.7,0.0,628.0,5611.0,1.134,1.082,0.05956,175.713,1,2,2023,0
TOI-3856 b,0.0325,13.59649359,0.083,949.0,5622.0,1.055,1.096,0.00087,314.443,1,1,2025,0
TOI-700 e,0.134,0.953,0.059,1.27,3459.0,0.421,0.415,-1.64016,31.1265,1,4,2023,1
AU Mic b,0.0649,3.95677019,0.00577,21.2,3678.0,0.744,0.51,-1.0381,9.7221,1,3,2020,0
TOI-3877 b,0.0529,11.67975789,0.22,729.0,5731.0,1.445,1.16,0.3075,493.77,1,1,2025,0
TOI-4961 b,0.0726,12.34108775,0.182,115.0,5380.0,0.912,0.912,-0.20135,213.073,1,1,2025,0
TOI-3464 b,0.0515,13.7646283,0.25,1370.0,6370.0,1.56,1.363,0.55871,597.774,1,1,2025,0
TOI-125 c,0.0814,2.759,0.066,77.59,5320.0,0.848,0.859,-0.28483,111.059,1,3,2019,0
TOI-5592 b,0.03935,17.14974047,0.062,1712.0,6237.0,1.393,1.194,0.4216,597.026,1,1,2025,0
TOI-4734 b,0.074,10.9175472,0.12,775.0,6070.0,1.857,1.391,0.62428,563.068,1,1,2025,0
TOI-1759 b,0.1177,3.14,0.0,6.39,4065.0,0.597,0.606,-1.05715,40.0654,1,1,2022,0
Kepler-1487 c,0.2588,7.97,0.0,227.68,5745.0,3.955,1.801,,1014.62,1,2,2023,0
TOI-2986 b,0.04489,9.292245,0.14,1156.0,5906.0,1.458,1.122,0.36773,563.149,1,1,2025,0
TOI-4794 b,0.0492,14.35870428,0.1,1310.0,6390.0,1.451,1.25,0.49969,543.008,1,1,2025,0
TOI-663 d,0.0576,1.92,,12.9,3681.0,0.512,0.514,,64.2308,1,3,2024,0
TOI-5340 b,0.0628,15.07607904,0.13,1004.0,5990.0,1.842,1.35,0.5955,532.629,1,1,2025,0
TOI-1453 c,,2.224,0.0,75.3,4975.0,0.72,0.715,,78.7415,2,2,2025,0
TOI-3980 b,0.0494,14.4595851,0.16,1153.0,5840.0,1.626,1.24,0.44248,486.721,1,1,2025,0
TOI-132 b,0.026,3.42,0.059,860.0,5397.0,0.9,0.97,-0.22185,163.678,1,1,2020,0
TOI-3160 A b,0.0505,13.7646283,0.18,933.0,6190.0,1.346,1.088,0.3784,567.678,2,1,2025,0
TOI-2207 b,0.0854,11.1529358,0.174,406.0,6101.0,1.564,1.296,0.4843,373.345,1,1,2022,0
TOI-244 b,0.0559,1.52,,7.3,3433.0,0.426,0.428,-1.64264,22.0337,1,1,2023,0
TOI-2407 b,0.033,4.26,0.08,41.0,3530.0,0.567,0.548,-1.34872,92.4366,1,1,2025,0
TOI-2992 b,0.0434,13.75341932,0.089,1484.0,6000.0,1.545,1.21,0.4456,542.026,1,1,2025,0
TOI-1453 b,,1.173,0.0,132.6,4975.0,0.72,0.715,,78.7415,2,2,2025,0
TOI-1739 b,0.073872,1.946,,53.91,4814.0,0.781,0.78,,70.9819,1,1,2024,0
TOI-654.01,0.01944,2.378,0.0,65.0,3521.0,0.43,0.419,-1.60906,57.7553,1,1,2024,0
TOI-5210 b,0.0557,10.72699453,0.066,456.0,5723.0,1.209,1.105,0.15229,302.086,1,1,2025,0
LHS 1140 b,0.0946,1.73,0.043,0.43,3096.0,0.2159,0.1844,-2.42022,14.9861,1,2,2017,1
LHS 1140 c,0.027,1.272,0.05,5.3,3096.0,0.2159,0.1844,-2.42022,14.9861,1,2,2018,0
TOI-2969 b,0.0261,12.32987877,0.0,382.0,4738.0,0.7,0.71,-0.58503,163.996,1,1,2025,0
TOI-2989 b,0.0384,12.55405838,0.0,124.0,4672.0,0.76,0.77,-0.73755,195.795,1,1,2025,0
TOI-5300 b,0.0295,9.86390302,0.0,198.0,4610.0,0.65,0.67,-0.76195,162.51,1,1,2025,0
TOI-1468 b,0.02107,1.401,0.0099,36.4,3376.0,0.3714,0.3527,-1.7921,24.7399,1,2,2022,0
TOI-1468 c,0.08608,2.126,0.111,2.13,3376.0,0.3714,0.3527,-1.7921,24.7399,1,2,2022,0
NGTS-26 b,0.049,14.88552637,0.0,523.0,5550.0,1.16,0.96,0.10106,1093.69,1,1,2024,0
K2-62 c,0.1148,2.14,,20.5,4880.0,0.73,0.77,,112.467,1,2,2016,0
LP 791-18 d,0.01992,1.032,0.0015,5.83,2960.0,0.182,0.139,-2.63827,26.4927,1,3,2023,0
SPECULOOS-3 b,0.00733,0.977,,15.54,2800.0,0.123,0.1009,-3.07831,,1,1,2024,0
TOI-1782.02,0.025739,1.839,,214.17,4336.0,0.669,0.68,,95.2649,1,2,2024,0
Kepler-1994 b,0.053,0.51,0.0,268.27,5495.0,0.961,0.932,,241.991,1,1,2023,0
HATS-69 b,0.03211,10.592505,0.519,466.6,5137.0,0.8785,0.892,-0.31758,414.537,1,1,2018,0
K2-84 b,0.0665,2.41,,178.0,5652.0,0.93,0.95,,284.876,1,2,2016,0
TOI-1295 b,0.047,15.69257298,0.024,1800.0,6280.0,1.7,1.38,0.58659,388.227,1,1,2024,0
TOI-771 b,0.0208,1.36,0.055,14.0,3370.0,0.232,0.22,-2.20343,25.2788,1,2,2024,0
Kepler-865 c,0.061,0.89,0.0,164.98,5440.0,0.885,0.782,,586.137,1,2,2023,0
K2-59 b,0.1354,2.41,,17.1,5055.0,0.731,0.774,,311.313,1,2,2016,0
WASP-154 b,0.044,10.76062147,0.0,162.0,4774.0,0.823,0.8,,215.501,1,1,2025,0
Kepler-290 d,0.0154,0.86,0.0,1503.79,5142.0,0.755,0.84,,694.627,1,3,2023,0
TOI-813 b,0.423,6.71,0.0,23.1,5907.0,1.94,1.32,,263.145,1,1,2020,0
LHS 3844 b,0.00622,1.303,,70.1,3036.0,0.189,0.151,-2.56543,14.8846,1,1,2019,0
K2-45 b,0.0224,6.71,,100.0,4103.0,0.445,0.503,,495.317,1,1,2016,0
Kepler-21 b,0.0434,1.639,0.0,2749.0,6305.0,1.902,1.408,,108.522,2,1,2012,0
TOI-5005 b,0.06614,6.25,,226.0,5749.0,0.93,0.97,,207.891,1,1,2024,0
NGTS-15 b,0.0441,12.32987877,0.0,425.0,5600.0,0.954,0.995,,786.485,1,1,2021,0
TOI-1260 b,0.0367,2.41,0.0,95.58,4227.0,0.672,0.679,-0.88941,73.5977,1,3,2021,0
HD 15906 b,0.09,2.24,0.11,33.14,4757.0,0.762,0.79,-0.56864,45.5621,1,2,2023,0
Qatar-5 b,0.04127,12.408363,0.0,669.0,5747.0,1.076,1.128,0.05614,367.658,1,1,2017,0
K2-35 b,0.031,1.32,0.13,211.0,4402.71,0.619575,0.701968,,252.596,1,2,2016,0
TOI-5713 b,0.06008,1.77,0.24,2.2554,3225.0,0.2992,0.2653,-2.05849,40.8668,1,1,2024,0
K2-118 b,0.245,2.54,0.2,4.3,4726.29,0.734626,0.756446,,321.722,1,1,2017,0
TOI-6383 A b,0.02292,11.29,0.05,51.3,3444.0,0.457,0.458,-1.48678,171.319,2,1,2024,0
HATS-60 b,0.04708,12.923977,0.191,903.9,5688.0,1.46,1.097,0.30016,486.474,1,1,2018,0
HATS-76 b,0.02658,12.09449018,0.062,129.8,4016.0,0.6259,0.662,-1.0381,385.689,1,1,2021,0
K2-79 b,0.0988,4.09,0.23,181.0,5897.0,1.265,1.066,,256.011,1,1,2016,0
TOI-2136 b,0.057,2.19,0.0,4.0,3342.0,0.34,0.34,-1.88606,33.3631,1,1,2022,0
K2-157 b,0.00962,0.935,,6660.0,5334.0,0.86,0.89,,298.373,1,3,2018,0
Kepler-296 b,0.079,1.61,0.33,6.5,3740.0,0.48,0.498,,,2,5,2014,0
WASP-155 b,0.043,13.45077684,0.0,771.0,5660.0,1.24,1.09,,399.63,1,1,2025,0
HAT-P-9 b,0.05287,15.614137,0.084,931.0,6350.0,1.338,1.281,0.4183,455.203,1,1,2008,0
TOI-500 b,0.01189,1.166,0.063,1138.0,4440.0,0.678,0.74,,47.3924,1,4,2022,0
EPIC 249893012 d,0.22,3.94,0.15,53.0,5430.0,1.71,1.05,,321.296,1,3,2020,0
TOI-6130 b,0.036,14.3474953,0.036,1150.0,6110.0,1.51,1.31,0.4609,220.882,1,1,2024,0
Kepler-1655 b,0.1029,2.213,0.19,129.1,6148.0,1.03,1.03,,213.26,1,1,2018,0
NGTS-12 b,0.0757,11.747032,0.0,416.0,5690.0,1.589,1.021,,446.442,1,1,2020,0
TOI-6038 A b,0.069,6.41,,716.0,6110.0,1.648,1.291,0.53275,179.147,2,1,2025,0
Kepler-1869 c,0.028,0.74,0.0,1056.84,5808.0,0.902,0.987,,113.025,1,2,2023,0
TOI-3714 b,0.027,11.32107051,0.03,54.0,3660.0,0.51,0.53,,112.71,2,1,2022,0
K2-111 b,0.0565,1.82,0.1,490.0,5775.0,1.25,0.84,,200.394,1,2,2017,0
Kepler-1991 c,0.1528,2.57,0.0,38.27,5478.0,1.053,0.914,,855.82,1,2,2023,0
Kepler-68 c,0.09008,0.979,0.099,204.0,5847.0,1.2564,1.057,,144.166,2,4,2013,0
HD 202772 A b,0.05208,17.317905,0.038,3440.0,6272.0,2.591,1.72,0.97128,161.498,2,1,2019,0
HATS-17 b,0.1308,8.709393,0.029,72.7,5846.0,1.091,1.131,0.09342,400.331,1,1,2016,0
TOI-1716.01,0.080496,3.143,,254.83,5879.0,1.24,1.07,,104.158,1,1,2024,0
TOI-1803 c,0.097,4.29,0.0,22.0,4687.0,0.715,0.756,-0.65365,119.24,1,2,2025,0
LP 791-18 b,0.00978,1.212,,24.14,2960.0,0.182,0.139,-2.63827,26.4927,1,3,2019,0
TOI-5126 c,0.1439,3.86,0.0,96.0,6150.0,1.241,1.24,0.29885,160.414,1,2,2023,0
Kepler-1996 b,0.1789,2.26,0.0,5.61,4580.0,0.675,0.748,,440.561,1,2,2023,0
TOI-4010 c,0.058,5.93,0.03,112.0,4960.0,0.83,0.88,,177.504,1,4,2023,0
HD 23472 d,0.04298,0.75,0.07,117.0,4684.0,0.71,0.67,-0.62525,39.0341,1,5,2022,0
TOI-2583 A b,0.0571,14.4595851,0.0,750.9,5936.0,1.477,1.215,0.38828,566.189,2,1,2023,0
Kepler-1986 b,0.1307,1.89,0.0,26.62,5549.0,0.732,0.776,,912.085,1,1,2023,0
HD 23472 c,0.1646,1.87,0.063,7.96,4684.0,0.71,0.67,-0.62525,39.0341,1,5,2019,0
TOI-2096 c,0.04,1.914,0.1,3.7,3300.0,0.235,0.231,-2.22768,48.4809,1,2,2023,0
K2-63 b,0.1627,3.22,,188.0,6771.0,1.63,1.4,,517.534,1,2,2016,0
K2-55 b,0.03486,3.82,,115.0,4456.0,0.63,0.696,,159.522,1,1,2016,0
HATS-48 A b,0.03769,8.9672,0.162,137.6,4546.0,0.7152,0.7279,-0.70885,263.609,2,1,2020,0
TOI-4443.01,0.029962645,1.7193265,,1194.2104,5834.0,1.01733,1.049133,,56.0739,1,1,2024,0
K2-26 b,0.0962,2.67,,5.8,3785.0,0.52,0.56,-1.3098,99.0504,1,1,2016,0
KELT-21 b,0.05224,17.777474,0.0,2950.0,7598.0,1.638,1.458,0.90472,470.878,1,1,2018,0
TOI-2095 b,0.101,1.25,0.0,3.43,3759.0,0.44,0.44,-1.45892,41.9176,1,2,2023,0
K2-27 b,0.06702,4.48,0.251,116.0,5248.0,0.885,0.866,,249.645,3,1,2016,0
K2-64 b,0.0619,2.07,,98.0,5312.0,0.726,0.741,,499.891,1,1,2016,0
K2-284 b,0.04771,2.78,0.078,42.6,4140.0,0.607,0.63,-1.01323,107.272,1,1,2018,0
Kepler-60 b,,1.71,,318.0,5905.0,1.257,1.041,,1025.1,1,3,2012,0
TOI-1260 c,0.0657,2.76,0.0,29.81,4227.0,0.672,0.679,-0.88941,73.5977,1,3,2021,0
Kepler-138 d,0.1288,1.51,0.01,3.4,3841.0,0.535,0.535,-1.25181,66.8624,1,4,2014,0
K2-58 b,0.0692,2.68,,118.0,5413.0,0.86,0.89,,181.746,1,3,2016,0
TOI-1685 b,0.01138,1.468,0.0,236.0,3575.0,0.4555,0.454,-1.51542,37.6153,1,1,2021,0
TOI-615 b,0.0678,18.97680433,0.39,1286.0,6850.0,1.732,1.449,0.7679,360.408,1,1,2023,0
Kepler-849 b,1.137,8.08167508,0.078,2.86,5950.0,1.822,1.259,0.57287,822.134,1,1,2016,0
K2-136 c,0.1185,3.0,0.047,11.91,4500.0,0.677,0.742,-0.7765,59.2474,2,3,2017,0
TOI-1806.01,0.087735044,3.4095367,,2.1473,3272.0,0.401575,0.392935,,55.5211,1,1,2024,0
Kepler-20 f,0.1387,0.952,0.094,35.9,5495.0,0.9164,0.929,,282.563,2,6,2011,0
TOI-5293 A b,0.034,11.9,0.38,34.6,3586.0,0.52,0.54,,162.229,2,1,2023,0
K2-37 c,0.0654,2.75,,130.3,5413.0,0.85,0.9,,179.943,1,3,2016,0
TOI-2570 b,0.04145,13.64132951,0.0,699.0,5771.0,1.095,1.063,0.07882,361.857,1,1,2022,0
HAT-P-62 b,0.03772,12.02723629,0.101,867.2,5629.0,1.17,1.023,0.09061,348.815,1,1,2021,0
HD 23472 f,0.0906,1.137,0.07,26.3,4684.0,0.71,0.67,-0.62525,39.0341,1,5,2022,0
TOI-257 b,0.1528,7.16253867,0.0,186.0,6095.0,1.867,1.407,0.63649,76.9028,1,1,2021,0
TOI-4342 b,0.05251,2.266,,26.9,3901.0,0.599,0.6296,-1.12726,61.5204,1,2,2023,0
TOI-2134 c,0.371,7.27,0.67,1.4,4580.0,0.709,0.744,-0.7167,22.6202,1,2,2023,0
K2-74 b,0.1402,2.31,,59.1,6060.0,0.98,0.96,,377.822,1,1,2016,0
TOI-4994 b,0.1515,8.54124329,0.319,40.0,5640.0,1.055,1.005,0.0086,329.304,1,1,2024,0
K2-110 b,0.10207,2.592,0.13,27.7,5010.0,0.713,0.738,,116.474,1,1,2017,0
TOI-1683.01,0.036507593,2.6382,,163.056,4402.0,0.7,0.694661,,51.1884,1,1,2024,0
K2-136 d,0.1538,1.565,0.071,7.07,4500.0,0.677,0.742,-0.7765,59.2474,2,3,2017,0
K2-46 b,0.13821,2.05,,119.0,6256.0,1.29,0.96,,449.237,1,1,2016,0
Kepler-1649 b,,1.017,,2.208,3240.0,0.2317,0.1977,-2.28735,92.1913,1,2,2017,0
LP 791-18 c,0.02961,2.438,8e-05,2.637,2960.0,0.182,0.139,-2.63827,26.4927,1,3,2019,0
Kepler-1704 b,2.027,11.94877343,0.92,0.342,5746.0,1.697,1.132,0.45179,835.455,1,1,2013,0
TOI-3819 b,0.04611,13.13692538,0.0,1186.0,5859.0,1.538,1.242,0.39967,558.141,1,1,2023,0
TOI-181 b,0.0539,6.9559,0.1543,102.43,4994.0,0.745,0.822,-0.52578,96.2338,1,1,2023,0
TOI-2803 A b,0.03185,18.11371281,0.0,2150.0,6280.0,1.245,1.118,0.33646,494.818,2,1,2023,0
TOI-1758 b,0.141409,3.62,,21.05,5169.0,0.81,0.88,,96.6215,1,1,2024,0
HAT-P-25 b,0.0466,12.722215,0.023,325.0,5519.0,0.919,1.012,-0.15181,300.384,1,1,2010,0
TOI-3331 A b,0.03144,12.97999965,0.0,818.5,5609.0,0.952,1.016,-0.09313,217.193,2,1,2022,0
WASP-161 b,0.0673,12.811887,,990.0,6400.0,1.712,1.39,0.64738,343.08,1,1,2018,0
HD 136352 d,0.425,2.562,0.0,5.74,5664.0,1.058,0.87,0.0162,14.682,1,3,2019,0
Ross 176 b,0.0464,1.84,0.25,36.2,4041.0,0.569,0.577,-1.10891,46.4488,1,1,2025,0
TOI-7149 b,0.02603,13.2,0.078,20.6,3363.0,0.351,0.344,-1.91542,126.126,1,1,2025,0
WASP-193 b,0.0676,16.40994774,0.056,413.0,6078.0,1.239,1.059,0.27416,362.087,1,1,2023,0
TOI-2010 b,0.5516,11.81426566,0.212,4.09,5929.0,1.079,1.112,0.11361,109.19,1,1,2023,0
K2-36 c,0.05528,3.2,0.089,89.0,4916.0,0.718,0.79,,109.749,1,2,2016,0
Kepler-1988 b,0.1038,1.53,0.0,351.79,6033.0,1.788,1.127,,513.426,1,1,2023,0
K2-88 b,0.0345,1.23,,7.8,3537.0,0.256,0.258,,110.561,1,1,2016,0
Kepler-1978 b,0.0914,2.67,0.0,49.3,5251.0,0.778,0.869,,865.512,1,1,2023,0
Kepler-20 d,0.3474,2.606,0.082,5.71,5495.0,0.9164,0.929,,282.563,2,6,2011,0
NGTS-8 b,0.035,12.21781,0.01,503.0,5241.0,0.98,0.89,,428.976,1,1,2019,0
HD 22946 d,0.2958,2.607,,18.561,6169.0,1.117,1.098,,62.7792,1,3,2023,0
TOI-907.01,0.055225481,9.6158851,,1729.6714,6272.0,2.059789,1.069357,,312.529,1,1,2024,0
Kepler-1990 c,0.0504,0.98,0.0,442.08,5751.0,1.071,1.028,,392.739,1,2,2023,0
K2-414 b,0.0487,1.219,,72.113,4343.0,0.732,0.814,,260.036,1,2,2022,0
TOI-3757 b,0.03845,12.0,0.14,55.4,3913.0,0.62,0.64,-1.06048,181.139,1,1,2022,0
K2-148 c,0.0616,1.73,,26.5,4079.0,0.632,0.65,-0.99568,124.458,2,3,2018,0
K2-8 c,0.0532,2.41,,97.8,4870.0,0.74,0.78,,403.513,1,2,2016,0
K2-285 e,0.18041,1.95,0.0,10.5,4975.0,0.787,0.83,,154.961,1,4,2018,0
K2-148 d,0.0774,1.64,,16.8,4079.0,0.632,0.65,-0.99568,124.458,2,3,2018,0
K2-266 e,0.1249,2.73,0.043,9.581,4285.0,0.703,0.686,-0.82333,77.5586,2,4,2018,0
WASP-132 c,0.01833,1.841,0.0,791.0,4686.0,0.758,0.789,-0.57512,122.91,1,3,2022,0
Kepler-1995 b,0.3259,4.28,0.0,4.66,5029.0,0.93,0.847,,595.331,1,1,2023,0
K2-89 b,0.01462,0.615,,78.0,3691.0,0.318,0.347,,86.0386,1,1,2016,0
Kepler-409 b,0.3192,1.199,0.69,6.15,5421.0,0.897,0.913,,68.173,1,1,2014,0
K2-5 c,0.0818,2.26,,10.2,3930.0,0.57,0.61,,202.943,1,2,2015,0
HATS-62 b,0.04163,11.825495,0.298,387.4,5416.0,0.933,0.896,-0.17328,523.067,1,1,2018,0
HAT-P-19 b,0.04599,11.29865255,,154.0,4962.0,0.773,0.807,-0.48545,202.078,1,1,2010,0
TOI-2567 b,0.0672,10.92875618,0.0,558.0,5611.0,1.686,1.13,0.40483,504.775,1,1,2022,0
Kepler-975 c,0.0567,10.69,0.0,439.8,4883.0,1.667,0.951,,426.088,1,2,2023,0
TOI-2285 b,,1.77,,3.91,3491.0,0.464,0.454,-1.54212,42.409,1,1,2021,0
TOI-3629 b,0.043,8.29464572,0.05,39.0,3870.0,0.6,0.63,,130.091,1,1,2022,0
K2-63 c,0.189,3.9,,139.0,6771.0,1.63,1.4,,517.534,1,2,2016,0
Kepler-37 d,0.2109,2.03,0.1,10.39,5357.0,0.789,0.79,,63.9207,1,4,2013,0
K2-58 c,0.035,1.62,,462.0,5413.0,0.86,0.89,,181.746,1,3,2016,0
HD 73583 c,0.1242,2.39,0.08,10.2,4511.0,0.65,0.73,,31.5666,1,2,2022,0
Kepler-416 d,0.0407,1.61,0.0,583.25,5670.0,1.022,0.949,,690.819,1,3,2023,0
Kepler-1989 b,0.0918,4.62,0.0,157.97,6032.0,1.06,0.999,,1252.13,1,1,2023,0
K2-37 d,0.1103,2.73,,45.7,5413.0,0.85,0.9,,179.943,1,3,2016,0
TOI-1467 b,0.050748,1.92,,18.13,3834.0,0.491,0.489,,37.4418,1,1,2024,0
TOI-5616 b,0.0272,10.78,0.0,137.0,3996.0,0.646,0.666,-0.99268,390.415,1,1,2024,0
K2-47 b,0.1779,1.89,,10.7,5054.0,0.76,0.75,,349.881,1,1,2016,0
K2-128 b,0.056,1.42,0.23,68.8,4469.51,0.777569,0.711248,,114.637,1,1,2017,0
TOI-712 c,0.2447,2.701,0.089,3.08,4622.0,0.674,0.732,-0.72793,58.6212,1,3,2022,0
Kepler-619 d,0.1021,4.17,0.0,112.07,6122.0,0.964,1.041,,900.678,1,3,2023,0
TOI-2406 b,0.02267,2.86,0.17,6.69,3100.0,0.204,0.166,-2.46218,55.419,1,1,2021,0
KOI-1783.02,,5.44,0.0,2.49,5922.0,1.143,1.076,,865.73,1,2,2020,0
Kepler-553 b,0.04766,4.74139884,,235.0,5191.0,0.902,0.889,-0.27084,728.525,1,2,2016,0
TOI-969 b,0.02636,2.765,,188.0,4435.0,0.671,0.734,,77.2554,1,2,2022,0
TOI-5218 b,0.0469,9.86,0.0,62.0,4230.0,0.708,0.739,-0.82391,377.483,1,1,2024,0
K2-141 c,0.0683,7.0,0.092,39.1,4570.0,0.681,0.708,,61.8736,1,2,2018,0
K2-72 e,0.106,1.29,0.11,1.2,3360.47,0.330989,0.271365,,66.4321,1,4,2016,1
TOI-411 b,0.05727,1.362,,495.139,6169.0,1.117,1.098,,62.7792,1,3,2022,0
TOI-128.01,0.05381019,2.21898,,182.406,6086.0,1.13,0.851969,,68.4727,1,1,2024,0
LHS 1678 b,0.01239,0.685,0.033,94.3,3490.0,0.329,0.345,-1.83863,19.8782,2,3,2021,0
TOI-1107 b,0.0561,14.57167491,0.025,532.0,6311.0,1.81,1.35,0.67117,281.314,1,1,2022,0
TOI-4633 c,0.847,3.2,0.117,1.56,5800.0,1.05,1.1,,95.2016,2,1,2024,0
TOI-2842 b,0.0475,12.84549188,0.0,781.8,5910.0,1.265,1.135,0.24551,460.995,1,1,2023,0
Kepler-111 c,0.751,7.0840758,0.176,2.48,5914.0,1.145,1.118,0.15836,657.223,1,2,2014,0
TOI-2068 b,0.0632,1.821,,12.23,3710.0,0.535,0.559,-1.31069,52.9328,1,1,2024,0
Kepler-103 b,0.13223,3.486,0.093,149.9,6009.0,1.492,1.212,,494.832,1,2,2014,0
K2-412 b,0.0586,2.116,,243.518,5590.0,0.977,0.893,,654.085,1,1,2022,0
GJ 3473 b,0.01589,1.264,0.0,59.4,3347.0,0.364,0.36,-1.82391,27.3644,2,2,2020,0
HATS-66 b,0.04714,15.815899,0.064,2637.0,6626.0,1.841,1.411,0.76716,1477.98,1,1,2018,0
K2-285 b,0.03817,2.59,0.0,234.31,4975.0,0.787,0.83,,154.961,1,4,2018,0
TOI-674 b,0.025,5.25,0.0,38.4,3514.0,0.42,0.42,-1.61439,46.0851,1,1,2021,0
TOI-172 b,0.0914,10.816685,0.3806,299.0,5645.0,1.777,1.128,0.4609,342.831,1,1,2019,0
HATS-72 b,0.066517,8.0973816,0.013,49.58,4656.1,0.7214,0.7311,-0.65896,127.589,1,1,2020,0
TOI-2796 b,0.0569,17.26183028,0.0,352.0,5764.0,1.069,1.063,0.05538,350.343,1,1,2023,0
K2-16 b,0.0667,2.02,,44.5,4742.0,0.66,0.68,,334.967,1,3,2015,0
TOI-824 b,0.02177,2.926,,412.0,4600.0,0.695,0.71,-0.70997,63.9262,1,1,2020,0
HD 260655 c,0.04749,1.533,0.038,16.1,3803.0,0.439,0.439,-1.43997,10.0055,1,2,2022,0
TOI-905 b,0.04666,13.125739,0.024,337.0,5570.0,0.918,0.968,-0.13668,158.649,1,1,2020,0
TOI-700 d,0.1633,1.073,0.042,0.85,3459.0,0.421,0.415,-1.64016,31.1265,1,4,2020,1
Kepler-37 c,0.139,0.755,0.099,23.9,5357.0,0.789,0.79,,63.9207,1,4,2013,0
Kepler-1162 c,0.2832,1.81,0.0,6.14,5225.0,0.859,0.861,,940.211,1,2,2023,0
NGTS-9 b,0.058,11.99363,0.06,729.0,6330.0,1.38,1.34,,609.128,1,1,2019,0
TOI-908 b,0.041657,3.186,0.132,80.884,5626.0,1.028,0.95,,175.748,1,1,2023,0
TOI-4495.01,0.061732577,3.63045,,346.626,6156.0,1.34,1.168817,,132.214,1,1,2024,0
K2-80 c,0.0596,1.47,,166.0,5441.0,0.87,0.9,,200.802,1,3,2016,0
TOI-2015 b,0.029322,3.309,0.0789,13.185,3297.0,0.3273,0.3041,-1.49214,47.3444,1,2,2023,0
EPIC 246851721 b,0.07229,11.780659,,642.0,6202.0,1.586,1.317,0.52634,372.632,2,1,2018,0
Kepler-1894 c,0.0576,1.21,0.0,243.06,5772.0,0.901,0.999,,935.191,1,2,2023,0
NGTS-17 b,0.0391,13.89913607,0.0,1160.0,5650.0,1.337,1.025,,1040.28,1,1,2021,0
TOI-6034 b,0.02949,11.92,0.04,43.0,3635.0,0.489,0.514,-1.4034,117.992,2,1,2024,0
Wolf 503 b,0.05712,2.043,0.409,64.7,4716.0,0.689,0.688,,44.526,1,1,2018,0
K2-150 b,0.0727,2.0,,4.9,3499.0,0.436,0.457,-1.58503,102.483,1,1,2018,0
LP 890-9 c,0.03984,1.367,,0.906,2850.0,0.1556,0.118,-2.84134,32.4298,1,2,2022,0
EPIC 201595106 b,0.0177,1.565,0.0,2852.0,5679.0,0.98,0.958,-0.04915,232.1,1,2,2021,0
TOI-532 b,0.0296,5.82,0.0,94.1,3927.0,0.612,0.639,-1.09528,135.047,1,1,2021,0
Kepler-1514 b,0.753,12.419572,0.401,3.23,6145.0,1.289,1.196,0.32838,397.292,1,2,2016,0
HATS-70 b,0.03632,15.513256,0.18,9110.0,7930.0,1.881,1.78,1.07918,1458.83,1,1,2019,0
TOI-238 c,0.0749,2.18,0.36,58.3,5059.0,0.733,0.79,-0.47083,80.5407,1,2,2024,0
TOI-2236 b,0.05009,14.36991326,0.0,1356.0,6248.0,1.573,1.343,0.53275,355.59,1,1,2022,0
TOI-269 b,0.0345,2.77,0.425,19.0,3514.0,0.398,0.3917,,57.0225,1,1,2021,0
TOI-3693 b,0.0813,12.59889431,0.0,68.6,5321.0,0.791,0.867,-0.3439,176.436,1,1,2022,0
HATS-77 b,0.03607,13.05846252,0.045,78.37,4071.0,0.6428,0.655,-0.99183,436.176,1,1,2021,0
TOI-238 b,0.0212,1.612,,747.65,5080.0,0.75,0.788,-0.47237,80.5407,1,2,2024,0
K2-71 b,0.0559,2.15,,13.4,4006.0,0.426,0.477,,153.192,1,1,2016,0
TOI-2384 b,0.02793,11.48920522,0.0,104.3,3943.0,0.6113,0.635,,191.51,1,1,2024,0
TOI-1221 b,0.387,2.91,0.21,6.06,5592.0,1.031,0.93,,138.411,1,1,2023,0
TOI-4127 b,0.3081,12.28504285,0.7471,22.3,6096.0,1.293,1.23,0.31639,319.632,1,1,2023,0
TOI-1244 b,0.060694,2.467,,56.63,4599.0,0.721,0.73,,102.551,1,1,2024,0
TOI-157 b,0.03138,14.414774,0.0,1062.0,5404.0,1.167,0.948,0.01995,355.683,1,1,2020,0
Kepler-1834 c,0.015,1.22,0.0,1334.22,4821.0,0.788,0.765,,500.395,1,2,2023,0
Kepler-102 d,0.08618,1.154,0.092,36.9,4909.0,0.724,0.803,,107.796,1,5,2014,0
Kepler-102 e,0.1162,2.17,0.089,20.3,4909.0,0.724,0.803,,107.796,1,5,2013,0
Kepler-949 c,0.1394,2.97,0.0,27.2,5211.0,0.895,0.817,,486.105,1,2,2023,0
HD 191939 d,0.2132,2.995,0.031,14.3,5348.0,0.94,0.81,-0.18709,53.6089,1,6,2020,0
Kepler-880 c,0.1216,2.87,0.0,926.72,6900.0,2.599,1.714,,601.324,1,2,2023,0
Kepler-896 c,0.1792,3.15,0.0,16.56,5510.0,0.803,0.877,,2334.93,1,2,2023,0
Kepler-297 d,0.523,32.6,0.0,2.62,5618.0,0.897,0.846,,692.14,1,3,2023,0
Kepler-60 d,,1.99,,161.0,5905.0,1.257,1.041,,1025.1,1,3,2012,0
Kepler-60 c,,1.9,,236.0,5905.0,1.257,1.041,,1025.1,1,3,2012,0
TOI-1184 b,0.056027,2.39,,57.54,4534.0,0.69,0.71,,58.5946,1,1,2024,0
TOI-1630.01,0.101151,2.417,,55.58,5504.0,0.83,0.95,,66.0929,1,1,2024,0
TOI-1798.02,0.010789,1.464,,3345.44,5165.0,0.78,0.87,,113.181,1,2,2024,0
Kepler-29 c,,2.34,0.0,34.4,5378.0,0.732,0.761,,832.532,1,2,2011,0
Kepler-177 b,,3.5,0.0,30.4,5732.0,1.324,0.921,,1435.44,1,2,2013,0
Kepler-177 c,,8.73,0.0,25.4,5732.0,1.324,0.921,,1435.44,1,2,2013,0
Kepler-93 b,0.05343,1.478,0.0,275.0,5669.0,0.919,0.911,,95.9115,1,2,2014,0
KELT-10 b,0.0525,15.681391,,600.0,5948.0,1.209,1.112,0.21748,188.404,1,1,2016,0
Kepler-103 c,0.6639,5.45,0.095,5.95,6009.0,1.492,1.212,,494.832,1,2,2014,0
TOI-2818 b,0.0493,15.27784069,0.0,598.0,5721.0,1.229,0.977,0.16435,312.674,1,1,2023,0
Kepler-1993 b,0.1943,4.15,0.0,157.45,5159.0,3.062,1.373,,1031.91,1,1,2023,0
WASP-18 b,0.02024,13.89913607,0.0051,5805.0,6432.0,1.319,1.294,0.42813,123.483,2,2,2009,0
K2-86 b,0.077,1.96,,78.0,5482.0,0.76,0.79,,258.699,1,1,2016,0
Kepler-307 b,,2.43,,59.7,5367.0,0.814,0.907,,575.581,1,2,2013,0
Kepler-2000 c,0.1228,1.57,0.0,3.92,3757.0,0.576,0.581,,320.588,1,2,2023,0
KOI-1783.01,,8.86,0.0,5.7,5922.0,1.143,1.076,,865.73,1,2,2020,0
LTT 3780 b,0.01195,1.325,0.0,111.0,3358.0,0.38,0.381,-1.78252,21.9814,2,2,2020,0
GJ 341 b,,0.88,0.0,13.8,3770.0,0.5066,0.48,,10.454,1,1,2025,0
Kepler-102 c,0.06702,0.567,0.094,61.0,4909.0,0.724,0.803,,107.796,1,5,2014,0
TOI-6008 b,0.010777,1.03,,41.5,3075.0,0.242,0.23,-2.32873,23.1008,1,1,2024,0
Kepler-29 b,,2.55,0.0,55.9,5378.0,0.732,0.761,,832.532,1,2,2011,0
TRAPPIST-1 e,0.02925,0.92,,0.646,2566.0,0.1192,0.0898,-3.25727,,1,7,2017,0
HD 191939 c,0.1752,3.195,0.034,21.0,5348.0,0.94,0.81,-0.18709,53.6089,1,6,2020,0
TOI-1798.01,0.074984,2.448,,69.26,5165.0,0.78,0.87,,113.181,1,2,2024,0
Kepler-440 b,0.242,1.86,0.34,1.2,4134.0,0.559,0.575,-1.102,301.03,1,1,2015,0
CoRoT-32 b,0.071,6.38913,,132.26,5970.0,0.79,1.08,-0.1549,576.683,1,1,2018,0
XO-7 b,0.04421,15.389957,0.038,1540.0,6250.0,1.48,1.405,,234.149,1,1,2019,0
TRAPPIST-1 c,0.0158,1.097,,2.214,2566.0,0.1192,0.0898,-3.25727,,1,7,2016,0
TRAPPIST-1 h,0.06189,0.755,,0.144,2566.0,0.1192,0.0898,-3.25727,,1,7,2017,0
TOI-2095 c,0.137,1.33,0.0,1.84,3759.0,0.44,0.44,-1.45892,41.9176,1,2,2023,0
TOI-2266 b,0.02,1.54,,13.0,3200.0,0.24,0.23,,51.6004,1,1,2024,0
L 98-59 d,0.0494,1.627,0.006,4.97,3415.0,0.3155,0.2923,-1.91364,10.6194,1,5,2019,0
TOI-1238 c,0.037,2.11,0.15,63.0,4089.0,0.58,0.59,-1.08249,70.7145,1,2,2022,0
TOI-4479 b,0.0164,2.82,,92.5,3400.0,0.451,0.452,-1.60432,80.6532,1,1,2022,0
HAT-P-63 b,0.04294,12.5428494,0.069,387.4,5400.0,0.9661,0.925,-0.1463,403.458,1,1,2021,0
TOI-1695 b,0.033548,1.9,0.097,39.0,3690.0,0.515,0.513,-1.3536,45.1309,1,1,2022,0
GJ 1132 b,0.0157,1.19151465,0.0118,19.3,3229.0,0.2211,0.1945,-2.32148,12.613,1,2,2015,0
TOI-4602.01,0.05099712,2.550449,,603.6935,6011.9,1.15664,1.116795,,63.0637,1,1,2024,0
WASP-19 b,0.01652,15.86070769,0.0126,3320.0,5616.0,1.006,0.965,-0.04335,268.325,1,1,2009,0
TOI-1238 b,0.0139,1.21,0.25,442.0,4089.0,0.58,0.59,-1.08249,70.7145,1,2,2022,0
LTT 1445 A c,0.02661,1.147,0.223,10.9,3340.0,0.265,0.257,,6.86929,3,2,2022,0
KOI-134 b,0.363,12.03844527,0.16,45.0,6160.0,1.667,1.407,0.62325,1159.21,1,2,2025,0
KELT-9 b,0.03462,21.196219,0.0,44900.0,10170.0,2.362,2.52,1.72428,204.455,2,1,2017,0
Kepler-36 b,,1.498,0.0,247.0,5979.0,1.634,1.034,,527.956,1,2,2012,0
Kepler-437 b,0.288,2.14,0.02,2.15,4551.0,0.68,0.707,-0.762,,1,1,2015,0
Kepler-102 b,0.05521,0.46,0.1,90.0,4909.0,0.724,0.803,,107.796,1,5,2014,0
Kepler-1979 b,0.1383,29.33,0.0,51.32,5942.0,0.938,1.028,,1076.27,1,1,2023,0
Kepler-1991 b,0.1065,1.47,0.0,78.79,5478.0,1.053,0.914,,855.82,1,2,2023,0
Kepler-323 b,0.02778,1.381,0.095,1900.0,6004.0,1.12,1.015,,454.883,1,2,2014,0
WASP-153 b,0.048,17.37395,0.009,1400.0,5914.0,1.73,1.336,,610.176,1,1,2017,0
HATS-64 b,0.06562,18.819911,0.151,1711.0,6554.0,2.113,1.564,0.86747,1080.15,1,1,2018,0
Qatar-4 b,0.02803,12.722215,0.0,614.0,5215.0,0.849,0.896,-0.31785,329.036,1,1,2017,0
TOI-1260 d,0.1116,3.12,0.0,10.32,4227.0,0.672,0.679,-0.88941,73.5977,1,3,2022,0
K2-37 b,0.0511,1.61,,213.3,5413.0,0.85,0.9,,179.943,1,3,2016,0
TOI-2196 b,0.02234,3.51,0.0,2000.0,5634.0,1.043,1.032,-0.00436,259.947,1,1,2022,0
Kepler-1992 b,0.1169,0.91,0.0,38.99,5383.0,0.842,0.874,,532.955,1,1,2023,0
TOI-954 b,0.04963,9.550068,0.14,1393.0,5710.0,1.892,1.201,0.53529,238.768,1,1,2020,0
KELT-24 b,0.0665,12.71098411,0.0319,624.0,6426.0,1.338,1.268,0.43933,96.5173,2,1,2019,0
TOI-2180 b,0.828,11.32107051,0.3683,2.71,5695.0,1.636,1.111,0.40552,116.685,1,1,2022,0
TOI-1937 A b,0.01932,13.97759893,0.0,3230.0,5814.0,1.08,1.072,0.0799,415.135,2,1,2023,0
WASP-116 b,0.065,13.67495645,0.0,663.0,6250.0,1.426,1.25,,559.243,1,1,2025,0
Kepler-1999 b,0.0713,3.29,0.0,26.17,4406.0,0.628,0.632,,701.255,1,1,2023,0
TOI-6054.01,0.078513,2.642,,529.21,6112.0,1.612,1.15,,79.407,1,2,2024,0
Kepler-1976 b,0.0565,12.21,0.0,349.4,5712.0,1.082,0.976,,1314.51,1,1,2023,0
Kepler-1981 b,1.3292,9.23,0.0,5.45,5874.0,3.006,1.519,,659.395,1,1,2023,0
TOI-406 c,0.0322,1.32,0.032,19.0,3392.0,0.41,0.408,-1.71444,31.0597,1,2,2024,0
TOI-858 B b,0.04435,14.06727078,0.15,908.9,5842.0,1.308,1.081,0.25285,250.489,2,1,2023,0
TOI-2184 b,,11.39953337,0.08,1429.0,5966.0,2.9,1.53,,788.317,1,1,2022,0
K2-148 b,0.0454,1.33,,48.8,4079.0,0.632,0.65,-0.99568,124.458,2,3,2018,0
K2-129 b,0.057,1.04,0.13,4.5,3459.09,0.36001,0.360031,,27.7957,1,1,2017,0
K2-263 b,0.2573,2.41,0.15,8.17,5368.0,0.85,0.88,,162.481,1,1,2018,0
TOI-3785 b,0.043,5.14,0.11,19.1,3576.0,0.5,0.52,-1.43533,79.7634,1,1,2023,0
TOI-3353.01,0.060118218,2.6667555,,313.0426,6365.0,1.0207,1.332089,,78.7577,1,1,2024,0
TOI-5126 b,0.06519,4.74,0.0,467.0,6150.0,1.241,1.24,0.29885,160.414,1,2,2023,0
K2-4 b,0.078,2.1,0.08,15.6,4014.73,0.569359,0.635026,,231.828,1,1,2015,0
Kepler-439 b,0.563,2.24,0.03,1.83,5431.0,0.866,0.884,-0.236,757.048,1,1,2015,0
TOI-880.02,0.034190955,2.7779229,,301.8661,4935.0,0.816999,0.805415,,60.6679,1,1,2024,0
TOI-2120 b,0.0377,2.122,0.32,3.61,3131.0,0.245,0.211,-2.28651,32.1755,1,1,2024,0
HAT-P-51 b,0.05042,13.50682174,,310.0,5453.0,0.995,0.961,-0.10237,440.089,1,1,2015,0
Kepler-22 b,0.812,2.1,0.72,1.013,5596.0,0.869,0.857,,194.642,1,1,2011,0
WASP-44 b,0.03453,12.3299,,533.0,5420.0,0.906,0.935,-0.19777,364.512,1,1,2011,0
Kepler-347 d,0.3802,3.04,0.0,12.75,5592.0,1.451,1.0,,1298.88,1,3,2023,0
TOI-1180 b,0.080799,3.072,,36.97,4738.0,0.73,0.75,,72.0238,1,1,2024,0
Kepler-1669 d,0.0468,1.22,0.0,47.3,4224.0,0.603,0.609,,543.444,1,3,2023,0
TOI-2977 b,0.03386,13.15934334,0.0,947.8,5691.0,1.073,0.936,0.03703,,1,1,2023,0
TOI-2084 b,0.05006,2.47,,12.8,3551.0,0.475,0.453,-1.49214,114.549,2,1,2023,0
Kepler-109 c,0.1546,2.65,0.098,91.0,5950.0,1.387,1.094,,474.861,1,2,2014,0
K2-66 b,0.05983,2.49,0.0,840.0,5887.0,1.67,1.11,,513.877,1,1,2016,0
K2-90 c,0.035,1.3,0.19,80.8,4421.98,0.634754,0.704613,,134.188,1,2,2016,0
TOI-3493 b,,3.22,,245.0,5844.0,1.228,1.023,,96.7224,1,1,2025,0
Kepler-1997 b,0.1815,2.28,0.0,44.86,6215.0,1.052,1.111,,1502.34,1,1,2023,0
Kepler-1987 c,0.0427,1.33,0.0,129.44,4769.0,0.714,0.799,,595.683,1,4,2023,0
TOI-1064 c,0.09429,2.651,0.088,26.8,4734.0,0.726,0.748,-0.62342,68.0726,1,2,2022,0
K2-199 c,0.0662,2.85,0.03,38.6,4491.0,0.682,0.711,-0.73283,107.518,1,2,2018,0
G 9-40 b,0.0418,1.9,0.0,6.27,3395.0,0.3026,0.2952,-1.96019,27.9276,1,1,2019,0
TOI-1782.01,0.05024,2.368,,56.25,4336.0,0.669,0.68,,95.2649,1,2,2024,0
Kepler-1996 c,0.3608,2.81,0.0,1.38,4580.0,0.675,0.748,,440.561,1,2,2023,0
TOI-1117 b,0.033,2.46,0.0,928.0,5635.0,1.05,0.97,-0.4437,167.598,1,3,2025,0
HIP 116454 b,0.0792,2.469,0.215,51.2858,5048.0,0.758,0.8,-0.47314,62.4491,2,1,2014,0
TOI-1470 b,0.0285,2.18,0.3,46.3,3709.0,0.469,0.471,-1.42481,51.9503,1,2,2023,0
WD 1856+534 b,0.0204,10.4,0.0,0.181,4710.0,0.0131,0.518,,24.7359,3,1,2020,0
K2-100 b,0.0301,3.88,0.0,1915.0,5945.0,1.24,1.15,,188.959,1,1,2016,0
TOI-4201 b,0.04,13.67495645,0.041,45.2,3794.0,0.63,0.61,-1.11919,189.011,1,1,2023,0
TOI-2379 b,0.05263,11.72459381,0.342,25.3,3707.0,0.622,0.645,,211.247,1,1,2024,0
K2-149 b,0.083,1.64,,7.0,3745.0,0.568,0.595,-1.3098,123.676,1,1,2018,0
TOI-1437 b,0.14,2.24,0.17,82.0,6008.0,1.17,1.1,0.28466,103.297,1,1,2024,0
TOI-4145 A b,0.04823,13.30506009,0.0,223.0,5281.0,0.859,0.905,-0.28735,205.387,2,1,2023,0
GJ 806 b,0.01406,1.331,,130.0,3600.0,0.4144,0.413,-1.58528,12.0445,1,2,2023,0
K2-136 b,0.0707,1.014,0.14,33.5,4500.0,0.677,0.742,-0.7765,59.2474,2,3,2017,0
Kepler-1814 c,0.0133,1.76,0.0,2011.27,4922.0,0.823,0.79,,726.346,1,2,2023,0
TOI-620 b,0.04825,3.76,0.22,20.8,3708.0,0.55,0.577,-1.28819,33.0231,1,1,2022,0
Kepler-538 b,0.3554,2.215,0.21,5.07,5534.0,0.8717,0.892,,155.956,2,1,2016,0
TOI-5082.01,0.051204842,2.54811,,254.588,5670.0,0.93,0.99665,,43.1406,1,1,2024,0
K2-61 b,0.0392,2.48,,1686.0,6293.0,1.36,1.21,,405.732,1,1,2016,0
TOI-3364 b,0.0675,12.22899794,0.0,425.0,5706.0,1.419,1.186,0.28556,277.899,1,1,2023,0
K2-81 b,0.059,1.97,0.06,62.9,4674.13,0.634663,0.745273,,252.318,1,1,2016,0
TOI-1416 b,0.019,1.62,0.0,883.0,4884.0,0.793,0.798,,55.0135,1,1,2023,0
Qatar-3 b,0.03783,12.285064,0.0,1330.0,6007.0,1.272,1.145,0.27875,735.601,1,1,2017,0
K2-329 b,0.1016,8.675766,0.0697,45.7,5282.0,0.822,0.901,-0.32514,233.237,1,1,2020,0
Kepler-656 c,0.0602,1.41,0.0,213.25,5550.0,0.954,1.05,,890.352,1,2,2023,0
K2-16 c,0.1229,2.54,,13.1,4742.0,0.66,0.68,,334.967,1,3,2015,0
EPIC 248847494 b,4.5,12.44199,0.0,0.19,4898.0,2.7,0.9,,551.886,1,1,2018,0
WASP-102 b,0.041,14.90794433,0.0,1293.0,5990.0,1.375,1.08,,535.689,1,1,2025,0
HAT-P-58 b,0.04994,14.93036229,0.073,1146.0,6078.0,1.53,1.031,0.45637,515.59,1,1,2021,0
Kepler-2001 c,0.1084,1.82,0.0,30.1,5081.0,0.77,0.864,,776.55,1,2,2023,0
TOI-564 b,0.02734,11.43318,0.072,1423.0,5640.0,1.088,0.998,0.03262,199.581,1,1,2020,0
K2-84 c,0.1768,2.03,,25.3,5652.0,0.93,0.95,,284.876,1,2,2016,0
HATS-63 b,0.04026,13.529263,0.136,634.1,5627.0,1.07,0.931,0.01199,623.232,1,1,2018,0
HAT-P-55 b,0.04628,14.84069045,,583.0,5804.0,1.105,1.028,0.09656,511.388,1,1,2015,0
TOI-1174 b,0.07994,2.562,,52.02,5030.0,0.76,0.85,,94.6375,1,1,2024,0
Kepler-20 e,0.0637,0.821,0.092,169.8,5495.0,0.9164,0.929,,282.563,2,6,2011,0
WASP-132 b,0.0674,10.09929161,0.0163,58.5,4686.0,0.758,0.789,-0.57512,122.91,1,3,2016,0
Kepler-1661 b,0.633,3.87,0.057,0.88,5100.0,0.762,0.841,,410.607,2,1,2020,0
Kepler-1491 c,0.3045,2.44,0.0,18.66,5626.0,1.389,0.991,,2065.59,1,2,2023,0
Kepler-1983 b,0.0689,2.33,0.0,100.13,5135.0,0.874,0.812,,424.428,1,1,2023,0
Kepler-107 e,0.12638,2.903,0.1,138.7,5854.0,1.447,1.238,,525.997,1,4,2014,0
HAT-P-68 b,0.02996,12.016048,0.041,184.8,4508.0,0.6701,0.6785,-0.77911,202.152,1,1,2020,0
NGTS-1 b,0.0326,14.90797,0.016,65.3,3916.0,0.573,0.617,,218.121,1,1,2017,0
HATS-61 b,0.07908,13.394755,0.092,374.2,5542.0,1.664,1.076,0.36922,679.761,1,1,2018,0
HATS-67 b,0.03032,18.887165,0.057,3821.0,6594.0,1.441,1.435,0.54654,960.109,1,1,2018,0
TOI-4487 A b,0.05448,14.60530185,0.083,1203.0,6206.0,1.634,1.378,0.55267,479.145,2,1,2025,0
TOI-5322 b,0.0604,16.6117094,0.055,554.0,5692.0,1.462,0.998,0.3075,476.899,1,1,2025,0
TOI-3682 b,0.048,12.80065596,0.22,1258.0,5703.0,1.735,1.32,0.45788,404.211,1,1,2025,0
TOI-6894 b,0.02604,9.5836785,0.029,5.54,3007.0,0.2276,0.207,-2.42597,73.8131,1,1,2025,0
HAT-P-60 b,0.06277,18.28184752,0.25,1634.0,6212.0,2.197,1.435,0.80889,233.22,1,1,2021,0
TOI-663 c,0.0437,2.26,,22.3,3681.0,0.512,0.514,,64.2308,1,3,2024,0
TOI-663 b,0.0295,2.27,,49.1,3681.0,0.512,0.514,,64.2308,1,3,2024,0
TOI-1135 b,0.082337403,9.34085,,254.894,5962.7,1.15,1.156039,,114.048,1,1,2024,0
TOI-1846 b,0.03646,1.792,,17.35,3568.0,0.397,0.418,-1.63714,47.2496,1,1,2025,0
TOI-2000 c,0.0878,8.14,0.063,149.0,5611.0,1.134,1.082,0.05956,175.713,1,2,2023,0
TOI-2031 A b,0.066,14.20177855,0.076,567.0,6490.0,1.241,1.174,0.39094,276.105,2,1,2025,0
TOI-2382 b,0.059,12.25141591,0.18,689.0,6033.0,1.417,1.26,0.37967,434.92,1,1,2025,0
TOI-2876 b,0.0654,9.6397234,0.13,124.2,5271.0,0.873,0.939,-0.27654,225.744,1,1,2025,0
TOI-2886 b,0.02871,18.6405349,0.11,2560.0,6240.0,1.241,1.229,0.32222,413.673,1,1,2025,0
TOI-3135 b,0.04756,13.65253849,0.24,464.0,5890.0,0.985,1.044,0.02119,221.673,1,1,2025,0
TOI-3593 b,0.0481,11.02963701,0.105,308.0,5550.0,0.918,1.015,-0.14146,226.63,1,1,2025,0
HAT-P-59 b,0.05064,12.58768533,0.03,441.4,5678.0,1.1038,1.008,0.05385,265.471,1,1,2021,0
Kepler-553 c,0.898,11.57887706,0.346,0.589,5191.0,0.902,0.889,-0.27084,728.525,1,2,2016,0
Kepler-1471 c,0.0981,1.88,0.0,118.5,5533.0,1.166,0.934,,978.678,1,2,2023,0
K2-38 c,0.0959,2.49,0.086,135.3,5705.0,1.141,1.054,,192.69,1,2,2016,0
TOI-122 b,0.0392,2.72,0.0,8.8,3403.0,0.334,0.312,-1.85387,62.118,1,1,2020,0
LTT 3780 c,0.0757,2.39,0.024,2.76,3358.0,0.38,0.381,-1.78252,21.9814,2,2,2020,0
HATS-47 b,0.04269,12.520453,0.088,87.73,4512.0,0.6564,0.674,-0.79615,300.67,1,1,2020,0
HATS-49 b,0.04515,8.574885,0.071,80.45,4405.0,0.6977,0.7133,-0.78489,324.413,1,1,2020,0
TOI-1728 b,0.0391,5.05,0.057,57.78,3980.0,0.6243,0.646,-1.05552,60.798,1,1,2020,0
TOI-700 c,0.0929,2.6,0.068,2.64,3459.0,0.421,0.415,-1.64016,31.1265,1,4,2020,0
TOI-700 b,0.0677,0.914,0.075,4.98,3459.0,0.421,0.415,-1.64016,31.1265,1,4,2020,0
NGTS-13 b,0.0549,12.800678,0.086,1096.0,5819.0,1.788,1.3,0.5172,647.595,1,1,2021,0
WASP-163 b,0.0266,13.473218,,1200.0,5500.0,1.015,0.97,-0.07572,261.386,1,1,2018,0
HATS-37 A b,0.04913,6.792654,0.0,229.7,5326.0,0.877,0.843,-0.25571,211.896,2,1,2020,0
Kepler-1654 b,2.026,9.180171,0.26,0.3,5597.0,1.179,1.011,0.08991,568.117,1,1,2018,0
WASP-188 b,0.072,14.81827249,0.0,1278.0,6850.0,1.83,1.5,,675.281,1,1,2025,0
TOI-540 b,0.01223,0.903,0.0,23.4,3216.0,0.1895,0.159,-2.46092,14.0022,1,1,2020,0
K2-38 b,0.0503,1.655,0.11,490.0,5705.0,1.141,1.054,,192.69,1,2,2016,0
K2-58 d,0.1517,1.71,,24.6,5413.0,0.86,0.89,,181.746,1,3,2016,0
K2-69 b,0.0591,2.32,,17.9,4127.0,0.491,0.551,,180.697,1,1,2016,0
K2-70 b,0.1112,2.89,,62.0,5622.0,0.93,0.94,,232.964,1,1,2016,0
K2-125 b,0.121,2.18,0.08,2.0,3654.47,0.402049,0.494727,,124.156,1,1,2017,0
TOI-2346 b,0.0473,16.11851425,0.086,1360.0,6480.0,1.38,1.271,0.48144,437.484,1,1,2025,0
TOI-3474 b,0.0502,14.67255574,0.13,740.0,6020.0,1.256,1.121,0.26951,420.123,1,1,2025,0
TOI-3523 A b,0.03559,15.9727975,0.047,2590.0,6450.0,1.448,1.131,0.51455,645.294,3,1,2025,0
TOI-4559 b,0.0359,1.415,,15.77,3558.0,0.374,0.392,-1.6925,31.6354,1,1,2024,0
TOI-5181 A b,0.0522,13.34989601,0.15,1053.0,6060.0,1.53,1.25,0.45788,480.155,2,1,2025,0
TOI-4342 c,0.0814,2.415,,11.18,3901.0,0.599,0.6296,-1.12726,61.5204,1,2,2023,0
TOI-2134 b,0.078,2.69,0.06,32.0,4580.0,0.709,0.744,-0.7167,22.6202,1,2,2023,0
NGTS-16 b,0.0523,14.57167491,0.0,480.0,5550.0,1.213,1.002,,898.168,1,1,2021,0
HATS-38 b,0.05036,6.882326,0.0,464.7,5732.0,1.105,0.89,0.07151,343.525,1,1,2020,0
KPS-1 b,0.0269,11.54527,0.0,729.0,5165.0,0.907,0.892,,262.706,1,1,2018,0
Kepler-1990 b,0.0286,3.27,0.0,1372.87,5751.0,1.071,1.028,,392.739,1,2,2023,0
K2-72 b,0.04,1.08,0.11,8.5,3360.47,0.330989,0.271365,,66.4321,1,4,2016,0
TOI-6651 b,0.0633,5.09,0.091,817.0,5940.0,1.721,1.323,0.52244,212.128,1,1,2024,0
HD 101581 c,0.0573,0.99,,52.0,4675.0,0.63,0.653,,12.7781,1,2,2025,0
TOI-125 b,0.05186,2.726,0.194,185.0,5320.0,0.848,0.859,-0.28483,111.059,1,3,2019,0
TOI-715 b,0.083,1.55,,0.67,3075.0,0.24,0.225,,42.4048,1,1,2023,1
K2-73 b,0.07619,2.45,,213.0,5922.0,1.06,1.05,,269.183,1,1,2016,0
K2-75 b,0.081,2.67,,430.0,5995.0,1.56,1.16,,561.93,1,2,2016,0
K2-75 c,0.1429,2.77,,138.0,5995.0,1.56,1.16,,561.93,1,2,2016,0
K2-83 b,0.03014,1.244,,41.5,3910.0,0.424,0.484,,125.529,1,2,2016,0
K2-83 c,0.07131,1.483,,7.42,3910.0,0.424,0.484,,125.529,1,2,2016,0
KELT-23 A b,0.03302,14.829507,0.0,991.183,5899.0,0.996,0.944,0.03383,126.261,2,1,2019,0
TOI-2421 b,0.0543,10.36830715,0.0,923.6,5607.0,1.75,1.131,0.436,327.927,1,1,2022,0
K2-91 b,0.0164,1.1,,46.0,3622.0,0.284,0.292,,62.5785,1,1,2016,0
K2-285 c,0.0824,3.53,0.0,50.35,4975.0,0.787,0.83,,154.961,1,4,2018,0
TOI-2211.01,0.04011,1.561,,296.13,5253.0,0.834,0.9,,70.2932,1,1,2024,0
K2-291 b,0.03261,1.589,0.0,633.0,5520.0,0.899,0.934,-0.16622,90.0562,1,1,2019,0
HD 23472 e,0.068,0.818,0.07,46.7,4684.0,0.71,0.67,-0.62525,39.0341,1,5,2022,0
Kepler-1982 b,0.0511,0.77,0.0,638.38,6202.0,1.122,1.213,,558.855,1,1,2023,0
K2-419 A b,0.1208,10.55,0.042,3.3,3711.0,0.541,0.562,-1.27654,268.685,2,1,2024,0
TOI-4463 A b,0.04036,13.26022417,0.0,633.0,5640.0,1.062,1.056,0.01115,173.117,2,1,2023,0
TOI-237 b,0.0341,1.44,0.0,3.7,3212.0,0.211,0.179,-2.38722,38.0749,1,1,2020,0
K2-21 b,0.076,1.84,0.1,10.0,4222.06,0.646783,0.676023,,83.6448,1,2,2015,0
K2-72 d,0.05,1.01,0.11,5.4,3360.47,0.330989,0.271365,,66.4321,1,4,2016,0
K2-80 b,0.135,2.01,,32.5,5441.0,0.87,0.9,,200.802,1,3,2016,0
Kepler-2001 b,0.0197,1.04,0.0,911.28,5081.0,0.77,0.864,,776.55,1,2,2023,0
Kepler-1984 b,0.0238,6.81,0.0,48.82,3638.0,0.42,0.45,,,1,1,2023,0
TOI-4527.01,0.008332353,0.9086617,,571.5072,3702.0,0.485948,0.483901,,18.1037,1,1,2024,0
Kepler-1977 b,0.0486,1.66,0.0,95.61,4805.0,0.688,0.769,,592.711,1,1,2023,0
Kepler-296 c,0.0521,2.0,0.33,14.8,3740.0,0.48,0.498,,,2,5,2014,0
Kepler-296 f,0.255,1.8,0.33,0.62,3740.0,0.48,0.498,,,2,5,2014,0
Kepler-1649 c,,1.06,,0.75,3240.0,0.2317,0.1977,-2.28735,92.1913,1,2,2020,1
TOI-5344 b,0.04041,10.60369574,0.054,38.0,3747.0,0.588,0.612,-1.21254,138.367,1,1,2023,0
K2-266 b,0.01306,3.3,,879.5,4285.0,0.703,0.686,-0.82333,77.5586,2,4,2018,0
K2-266 d,0.1035,2.93,0.047,13.95,4285.0,0.703,0.686,-0.82333,77.5586,2,4,2018,0
Kepler-1708 b,1.64,9.96,0.4,0.561,6157.0,1.117,1.088,0.182,1666.69,1,1,2021,0
HD 23472 b,0.1162,2.0,0.072,16.0,4684.0,0.71,0.67,-0.62525,39.0341,1,5,2019,0
HD 5278 b,0.1202,2.45,0.08,132.0,6203.0,1.194,1.126,0.28035,57.5846,1,2,2021,0
TOI-1231 b,0.1288,3.65,0.087,1.93,3553.0,0.476,0.485,-1.48678,27.6227,1,1,2021,0
TOI-1201 b,0.0287,2.415,0.0,40.6,3476.0,0.508,0.512,-1.46852,37.8871,2,1,2021,0
TOI-1431 b,0.046,16.70138124,0.0022,5300.0,7690.0,1.92,1.9,1.06819,148.925,1,1,2021,0
Kepler-1653 b,0.4706,2.17,,0.98,4807.0,0.693,0.719,-0.636,,1,1,2017,0
K2-315 b,,0.95,,7.45,3300.0,0.196,0.174,-2.38722,56.9686,1,1,2020,0
Kepler-443 b,0.495,2.33,0.11,0.86,4723.0,0.706,0.738,-0.664,802.271,1,1,2015,0
Kepler-1126 c,0.6193,1.45,0.0,2.06,5678.0,0.921,0.794,,635.736,1,2,2023,0
TOI-1064 b,0.06152,2.587,0.047,62.9,4734.0,0.726,0.748,-0.62342,68.0726,1,2,2022,0
HATS-75 b,0.032742,9.90873894,0.064,59.26,3790.4,0.5848,0.6017,-1.19661,194.964,1,1,2021,0
GJ 3929 b,0.0252,1.09,0.0,17.3,3384.0,0.32,0.313,-1.96257,15.8095,1,2,2022,0
TOI-1227 b,0.0886,9.57246952,,3.21,3072.0,0.56,0.17,-2.60033,100.641,1,1,2022,0
TOI-1246 b,0.049,3.01,,196.0,5151.0,0.86,0.87,,169.422,1,4,2022,0
HD 15906 c,0.141,2.93,0.04,13.37,4757.0,0.762,0.79,-0.56864,45.5621,1,2,2023,0
HIP 29442 c,0.04518,1.551,,451.0,5289.0,0.98,0.901,,68.192,1,3,2023,0
TOI-622 b,0.0708,9.2362001,0.42,602.0,6400.0,1.415,1.313,0.47407,123.297,1,1,2023,0
TOI-815 b,0.0903,2.94,0.2,36.9,4869.0,0.77,0.776,,59.7117,2,2,2024,0
TOI-815 c,0.193,2.62,0.22,8.03,4869.0,0.77,0.776,,59.7117,2,2,2024,0
TOI-836 b,0.0422,1.704,0.053,78.838,4552.0,0.665,0.678,,27.5024,1,2,2023,0
TOI-1052 b,0.09103,2.87,0.18,246.0,6146.0,1.264,1.204,,129.804,1,2,2023,0
Kepler-1514 c,0.0997,1.1758241,0.32,193.0,6145.0,1.289,1.196,0.32838,397.292,1,2,2020,0
TOI-1301.01,0.059866,2.477,,72.55,4820.0,0.732,0.77,,90.8693,1,1,2024,0
TOI-1448 b,0.0567,2.749,0.36,5.45,3412.0,0.38,0.372,-1.75498,73.3345,1,1,2024,0
HD 136352 c,0.1721,2.916,0.0,35.1,5664.0,1.058,0.87,0.0162,14.682,1,3,2019,0
TOI-1680 b,0.03144,1.466,,4.41,3225.0,0.2106,0.1798,-2.36251,37.2209,1,1,2023,0
TOI-1691 b,0.129365,3.66,,59.13,5759.0,1.0,1.03,,111.445,1,1,2024,0
TOI-1723 b,0.113496,3.435,,92.36,5777.0,1.09,1.04,,100.727,1,1,2024,0
TOI-1772.01,0.078375,2.905,,140.93,5583.0,0.995,0.99,,97.7562,1,1,2024,0
TOI-1803 b,0.06,2.99,0.0,58.0,4687.0,0.715,0.756,-0.65365,119.24,1,2,2025,0
TOI-2458 b,0.0482,2.83,0.087,865.0,6005.0,1.31,1.05,,112.958,1,2,2024,0
K2-140 b,0.068,13.56286665,0.0,204.0,5585.0,1.06,0.96,,347.917,1,1,2017,0
Kepler-311 d,0.7326,2.05,0.0,2.71,5903.0,1.156,0.974,,778.654,1,3,2023,0
Kepler-454 b,0.09528,2.37,0.32,117.7,5687.0,1.066,1.03,,230.869,2,3,2015,0
PH2 b,0.833,9.33708092,0.215,1.2,5734.0,0.949,0.966,-0.05849,343.863,1,1,2013,0
TOI-3023 b,0.0505,16.43236571,0.0,1084.0,5760.0,1.668,1.12,0.44404,389.916,1,1,2023,0
NGTS-27 b,0.0446,15.64773706,0.0,1680.0,5700.0,1.77,1.07,0.51375,942.122,1,1,2024,0
TOI-3261 b,0.01714,3.82,0.0,1466.0,5068.0,0.849,0.861,-0.36653,300.141,1,1,2024,0
TOI-3540 A b,0.04289,23.53885947,0.0,841.3,5810.0,1.228,1.081,0.19005,,2,1,2022,0
TOI-3807 b,0.0421,18.49481816,0.0,1230.0,5772.0,1.468,1.181,0.33244,421.745,1,1,2023,0
TOI-2580 b,0.048,17.37392009,0.08,1730.0,6120.0,1.81,1.33,0.61595,379.253,1,1,2024,0
TOI-2587 A b,0.0635,12.07207221,0.0,728.0,5760.0,1.726,1.15,0.47129,373.675,2,1,2023,0
TOI-2641 b,0.0607,18.10250383,0.18,602.0,6100.0,1.336,1.16,0.34044,344.045,1,1,2023,0
TOI-3984 A b,0.041,7.9,0.23,16.7,3476.0,0.47,0.49,,108.883,2,1,2023,0
TOI-4010 b,0.0229,3.02,0.03,714.0,4960.0,0.83,0.88,,177.504,1,4,2023,0
TOI-4438 b,0.0534,2.52,0.14,6.0,3422.0,0.372,0.368,-1.76802,30.0346,1,1,2024,0
TOI-4791 b,0.0555,12.44196858,0.0,783.2,6058.0,1.409,1.242,0.38021,328.802,1,1,2023,0
TOI-5388.01,0.024335855,1.89426,,3.3023,3495.0,0.31,0.28572,,18.5226,1,1,2024,0
TOI-5542 b,0.332,11.30986153,0.018,9.6,5700.0,1.058,0.89,1.057,348.849,1,1,2022,0
TOI-5573 b,0.0712,9.75,0.072,12.92,3790.0,0.594,0.619,-1.15927,186.562,1,1,2025,0
TOI-5634 A b,0.0272,10.42,0.0,77.0,3896.0,0.54,0.556,-1.24489,306.144,2,1,2024,0
TOI-5688 A b,0.03379,10.3,0.128,50.3,3713.0,0.57,0.6,-1.22841,226.318,2,1,2024,0
TOI-5799 b,0.034901,1.858,,13.35,3521.0,0.343,0.327,,27.8123,1,1,2024,0
GJ 486 b,0.01714,1.289,0.00086,39.2,3317.0,0.3243,0.312,-1.93892,8.07426,1,1,2021,0
Kepler-296 e,0.169,1.53,0.33,1.41,3740.0,0.48,0.498,,,2,5,2014,1
Kepler-1987 d,0.0571,2.66,0.0,72.38,4769.0,0.714,0.799,,595.683,1,4,2023,0
TOI-2076 b,,2.39,0.0,49.4,5201.0,0.774,0.883,,41.9091,1,4,2021,0
HAT-P-64 b,0.05387,19.08889413,0.101,1611.0,6457.0,1.735,1.298,0.66839,651.897,1,1,2021,0
TOI-1062 b,0.052,2.265,0.177,232.0,5328.0,0.84,0.94,,82.1733,1,2,2021,0
TOI-2081 b,0.0752,2.04,,8.1,3800.0,0.534,0.54,-1.33847,62.3446,1,1,2022,0
TOI-411 c,0.1017,2.328,,156.75,6169.0,1.117,1.098,,62.7792,1,3,2022,0
TOI-512 b,,1.54,0.02,127.0,5277.0,0.89,0.74,-0.25696,67.3975,1,1,2025,0
TOI-712 b,0.07928,2.049,0.54,22.6,4622.0,0.674,0.732,-0.72793,58.6212,1,3,2022,0
TOI-1173 b,0.0696,9.19,0.023,132.0,5350.0,0.934,0.911,,132.353,2,1,2024,0
TOI-1470 c,0.106,2.47,0.5,3.35,3709.0,0.469,0.471,-1.42481,51.9503,1,2,2023,0
HD 136352 b,0.0964,1.664,0.0,111.6,5664.0,1.058,0.87,0.0162,14.682,1,3,2019,0
TOI-1768.01,0.076381,3.453,,240.87,5994.0,1.1,1.1,,157.597,1,1,2024,0
TOI-4336 A b,0.0872,2.12,,1.5,3298.0,0.328,0.331,-1.9431,22.5455,3,1,2024,0
Kepler-1980 b,0.2049,2.21,0.0,23.95,5819.0,0.99,1.049,,1709.4,1,1,2023,0
Kepler-78 b,0.00901,1.201,0.0,4070.0,5058.0,0.7475,0.779,,124.376,2,1,2013,0
Kepler-436 b,0.339,2.73,0.19,1.69,4651.0,0.697,0.729,-0.701,588.867,1,2,2015,0
HD 219134 c,0.0653,1.511,0.062,62.1,4699.0,0.778,0.81,-0.57741,6.53127,1,6,2015,0
HD 219134 f,0.1463,1.31,0.148,12.38,4699.0,0.778,0.81,-0.57741,6.53127,1,6,2015,0
TOI-2364 b,0.04871,8.60849718,0.0,237.0,5306.0,0.886,0.954,-0.25181,219.614,1,1,2023,0
LP 890-9 b,0.01875,1.32,,4.09,2850.0,0.1556,0.118,-2.84134,32.4298,1,2,2022,0
NGTS-33 b,0.048,18.38272835,0.0,2620.0,7437.0,1.47,1.6,0.77159,437.855,1,1,2024,0
Kepler-107 d,0.08377,0.86,0.11,315.0,5854.0,1.447,1.238,,525.997,1,4,2014,0
K2-292 b,0.13,2.63,0.04,67.0,5725.0,1.09,1.0,,114.293,1,1,2019,0
K2-42 b,0.0617,2.15,,44.1,4613.0,0.643,0.702,,396.913,1,1,2016,0
Kepler-549 d,0.1575,4.2,0.0,27.93,5312.0,0.986,0.859,,635.145,1,3,2023,0
K2-5 b,0.0532,1.91,,24.1,3930.0,0.57,0.61,,202.943,1,2,2015,0
Kepler-20 c,0.0936,2.894,0.076,78.7,5495.0,0.9164,0.929,,282.563,2,6,2011,0
Kepler-1876 b,0.0758,0.853,0.098,475.0,6104.0,1.477,1.187,,259.935,1,1,2021,0
Kepler-763 d,0.0634,1.67,0.0,98.81,4999.0,0.843,0.8,,962.459,1,3,2023,0
Kepler-763 c,0.0466,1.42,0.0,182.9,4999.0,0.843,0.8,,962.459,1,3,2023,0
K2-3 c,0.1357,1.582,0.048,3.17,3844.0,0.546,0.549,-1.23136,44.0727,1,3,2015,0
K2-35 c,0.055,1.93,0.12,68.0,4402.71,0.619575,0.701968,,252.596,1,2,2016,0
TOI-6054.02,0.110878,2.864,,265.34,6112.0,1.612,1.15,,79.407,1,2,2024,0
AU Mic c,0.1108,2.52202066,0.00338,7.3,3678.0,0.744,0.51,-1.0381,9.7221,1,3,2021,0
TOI-1075 b,0.01159,1.791,0.0,509.2,3875.0,0.581,0.604,,61.4592,1,1,2022,0
K2-12 b,0.0792,2.44,0.5,185.0,5672.0,1.117,0.965,,326.381,1,1,2015,0
K2-36 b,0.02288,1.43,0.093,519.0,4916.0,0.718,0.79,,109.749,1,2,2016,0
K2-50 b,0.0705,1.59,,18.8,4326.0,0.546,0.611,,257.443,1,2,2016,0
HD 260655 b,0.02933,1.24,0.039,42.2,3803.0,0.439,0.439,-1.43997,10.0055,1,2,2022,0
Kepler-1181 c,0.0928,1.83,0.0,377.25,6688.0,1.347,1.336,,938.417,1,2,2023,0
Kepler-1987 b,0.0318,1.23,0.0,233.38,4769.0,0.714,0.799,,595.683,1,4,2023,0
Kepler-1987 e,0.0765,1.92,0.0,40.33,4769.0,0.714,0.799,,595.683,1,4,2023,0
KELT-4 A b,0.04317,19.044091,0.0,1840.0,6206.0,1.603,1.201,0.53529,218.05,3,1,2016,0
Kepler-1801 c,0.4572,2.91,0.0,4.47,5738.0,0.981,0.936,,839.332,1,2,2023,0
TOI-1659.01,0.065757,2.255,,268.44,5977.0,1.006,1.1,,122.494,1,1,2024,0
K2-216 b,0.028,1.75,0.0,248.0,4503.0,0.72,0.7,-0.72125,115.461,1,1,2018,0
EPIC 220674823 b,0.01314,1.676,0.0,4656.0,5578.0,0.99,0.913,,244.59,1,2,2016,0
Kepler-442 b,0.409,1.34,0.04,0.66,4402.0,0.598,0.609,-0.932,365.965,1,1,2015,1
HD 1397 b,0.1097,11.500434,0.251,356.0,5521.0,2.336,1.324,0.65992,79.5702,1,1,2018,0
HD 95338 b,0.262,3.89,0.197,7.42,5212.0,0.87,0.83,-0.3098,36.9941,1,1,2020,0
TOI-4010 d,0.113,6.18,0.07,30.0,4960.0,0.83,0.88,,177.504,1,4,2023,0
Kepler-68 b,0.06135,2.357,0.09,441.0,5847.0,1.2564,1.057,,144.166,2,4,2013,0
Kepler-20 b,0.04565,1.773,0.083,331.0,5495.0,0.9164,0.929,,282.563,2,6,2011,0
EPIC 229004835 b,0.1237,2.332,0.23,69.7,5868.0,0.999,0.97,,121.971,1,1,2023,0
Kepler-1518 c,0.0905,2.9,0.0,338.33,6432.0,1.345,1.06,,903.51,1,2,2023,0
WASP-76 b,0.033,20.78145022,0.0,4104.0,6329.0,1.756,1.458,,194.459,2,1,2016,0
Kepler-1052 c,0.6135,2.3,0.0,1.96,5818.0,0.848,0.937,,943.444,1,2,2023,0
HATS-59 b,0.06112,12.621334,0.129,269.0,5670.0,1.036,1.038,-0.00436,642.884,1,2,2018,0
Kepler-109 b,0.0701,2.49,0.11,442.0,5950.0,1.387,1.094,,474.861,1,2,2014,0
K2-285 d,0.1178,2.48,0.0,24.61,4975.0,0.787,0.83,,154.961,1,4,2018,0
TOI-1777.01,0.119466,2.246,,71.34,5859.0,0.98,1.06,,79.7665,1,1,2024,0
GPX-1 b,0.0338,16.47720163,0.0,4650.0,7000.0,1.56,1.68,0.72673,655.013,1,1,2021,0
K2-133 e,0.1346,1.73,,1.8,3655.0,0.455,0.461,-1.47886,75.1703,1,4,2019,0
Kepler-296 d,0.118,2.09,0.33,2.9,3740.0,0.48,0.498,,,2,5,2014,0
K2-3 d,0.2014,1.458,0.091,1.44,3844.0,0.546,0.549,-1.23136,44.0727,1,3,2015,1
K2-25 b,0.0287,3.44,0.428,9.91,3207.0,0.2932,0.2634,-2.08831,44.9565,1,1,2015,0
K2-8 b,0.0856,3.58,,37.7,4870.0,0.74,0.78,,403.513,1,2,2015,0
K2-130 b,0.032,1.25,0.17,136.4,4356.47,0.744261,0.69563,,118.011,1,1,2017,0
WASP-174 b,0.05503,16.10730527,0.0,901.9,6399.0,1.347,1.24,0.43616,410.149,1,1,2018,0
TOI-261.01,0.034792189,3.0449863,,874.7956,5890.3,1.28018,0.496728,,114.495,1,1,2024,0
Gliese 12 b,0.0668,0.958,0.5,1.62,3296.0,0.2617,0.2414,-2.13787,12.21,1,1,2024,1
K2-414 c,0.0552,1.9287,,56.13,4343.0,0.732,0.814,,260.036,1,2,2022,0
TOI-6086 b,0.01541,1.18,,26.8,3200.0,0.259,0.254,-2.19791,31.4566,1,1,2024,0
Kepler-1652 b,0.1654,1.6,,0.81,3638.0,0.382,0.404,-1.638,,1,1,2017,1
TOI-1799 b,0.072502,1.642,,164.26,5690.0,0.957,1.01,,62.1274,1,1,2024,0
KELT-18 b,0.0455,17.59813,0.0,3152.0,6670.0,1.908,1.524,0.81291,321.376,2,1,2017,0
HD 219134 b,0.03876,1.602,0.0,176.2,4699.0,0.778,0.81,-0.57741,6.53127,1,6,2015,0
Kepler-864 c,0.0382,1.62,0.0,1305.04,6213.0,1.195,1.27,,2022.9,1,2,2023,0
TOI-5726.01,0.062186,2.554,,338.95,5874.0,1.106,1.06,,108.848,1,1,2024,0
NGTS-18 b,0.0448,13.56286665,0.0,845.0,5610.0,1.392,1.003,,1096.19,1,1,2021,0
TOI-712 d,0.3405,2.474,0.073,1.6,4622.0,0.674,0.732,-0.72793,58.6212,1,3,2022,0
K2-49 b,0.0309,1.93,,59.0,4175.0,0.45,0.51,,457.125,1,1,2016,0
K2-413 c,0.0426,1.2327,,69.529,4116.0,0.7,0.808,,285.162,1,2,2022,0
TOI-3912 b,0.0463,14.28024141,0.0,872.2,5725.0,1.392,1.088,0.27323,465.992,1,1,2023,0
K2-116 b,0.048,0.69,0.06,78.6,4348.35,0.6694,0.694512,,49.3855,1,1,2017,0
KELT-12 b,0.06708,19.95202,0.0,1749.0,6279.0,2.37,1.591,0.89209,368.03,1,1,2017,0
HAT-P-61 b,0.0301,10.07687365,0.113,849.5,5587.0,0.938,1.004,-0.1152,338.84,1,1,2021,0
HD 20329 b,0.018,1.72,0.0,3474.0,5596.0,1.13,0.9,0.04922,63.6796,1,1,2022,0
Kepler-107 b,0.04544,1.536,0.1,1073.0,5854.0,1.447,1.238,,525.997,1,4,2014,0
TOI-871 b,0.1054,1.664,,24.78,4929.0,0.719,0.758,-0.56004,68.0473,1,1,2024,0
WASP-195 b,0.063,10.31226224,0.0,890.0,6300.0,1.578,1.3,,484.852,1,1,2025,0
TOI-4184 b,0.0336,2.43,,4.8,3238.0,0.2347,0.2109,-2.2644,69.3649,1,1,2023,0
KELT-19 A b,0.0637,21.40919,,2340.0,7500.0,1.83,1.62,0.97772,300.276,2,1,2017,0
K2-59 c,0.0905,2.3,,38.3,5055.0,0.731,0.774,,311.313,1,2,2016,0
TOI-406.01,0.0809,2.08,0.056,3.0,3392.0,0.41,0.408,-1.71444,31.0597,1,2,2024,0
WASP-166 b,0.0641,7.06167,0.0,440.0,6050.0,1.22,1.19,,114.173,1,1,2019,0
TOI-1420 b,0.071,11.89,0.17,139.0,5510.0,0.923,0.987,-0.15181,201.918,1,1,2023,0
HD 3167 c,0.1776,3.0,0.06,16.9,5261.0,0.88,0.837,,47.2899,1,4,2016,0
TOI-3884 b,0.0361,6.43,0.06,6.29,3180.0,0.302,0.298,,43.1448,1,1,2022,0
HATS-74 A b,0.02384,11.56766808,0.044,106.9,3776.9,0.5758,0.601,-1.2161,299.389,2,1,2021,0
K2-141 b,0.00747,1.51,0.0,3260.0,4570.0,0.681,0.708,,61.8736,1,2,2018,0
GJ 9827 d,0.053,1.98,,34.9,4236.0,0.58,0.62,-1.00436,29.661,1,3,2017,0
HIP 29442 d,0.0673,1.538,,203.0,5289.0,0.98,0.901,,68.192,1,3,2023,0
TOI-782 b,0.0578,2.734,0.19,5.91,3370.0,0.413,0.397,-1.70246,52.5122,1,1,2024,0
HIP 65 A b,0.01782,22.75427,0.0,661.0,4590.0,0.7242,0.781,-0.67799,61.7856,2,1,2020,0
K2-222 b,0.1206,2.35,0.16,96.0,5942.0,1.115,0.989,,101.321,1,1,2018,0
Kepler-441 b,0.64,1.64,0.1,0.21,4340.0,0.55,0.572,-1.051,268.003,1,1,2015,0
HAT-P-65 b,0.04042,18.05766791,,1821.0,5872.0,1.666,1.297,0.47276,738.519,1,1,2016,0
K2-48 b,0.1344,2.24,,15.3,4899.0,0.73,0.77,,313.764,1,1,2016,0
K2-62 b,0.0636,2.14,,66.0,4880.0,0.73,0.77,,112.467,1,2,2016,0
HATS-68 b,0.05071,13.809488,0.036,1521.0,6147.0,1.748,1.351,0.59218,603.955,1,1,2018,0
HD 152843 b,0.1053,3.41,0.14,255.7,6310.0,1.43,1.15,,107.898,1,2,2021,0
WASP-194 b,0.047,15.47960235,0.0,1365.0,6405.0,1.409,1.29,,476.831,1,1,2025,0
HD 73583 b,0.0604,2.79,0.09,43.3,4511.0,0.65,0.73,,31.5666,1,2,2022,0
TOI-5205 b,0.0199,11.6,0.02,49.0,3430.0,0.394,0.392,-1.7122,86.4493,1,1,2023,0
TOI-6016 b,0.055,13.67495645,0.0,940.0,6110.0,1.51,1.31,0.4609,364.715,1,1,2024,0
TOI-836 c,0.075,2.587,0.078,26.707,4552.0,0.665,0.678,,27.5024,1,2,2023,0
HD 80653 b,0.01661,1.613,0.0,6130.0,5959.0,1.22,1.18,,109.86,1,2,2020,0
K2-199 b,0.0382,1.73,0.02,116.2,4491.0,0.682,0.711,-0.73283,107.518,1,2,2018,0
K2-9 b,0.091,2.25,,1.36,3390.0,0.31,0.3,-1.92082,82.9631,1,1,2015,0
TOI-4603 b,0.0888,11.67975789,0.325,1192.0,6264.0,2.738,1.765,1.01703,225.643,1,1,2023,0
Kepler-37 b,0.1019,0.3098,0.098,44.5,5357.0,0.789,0.79,,63.9207,1,4,2013,0
EPIC 220674823 c,0.1073,2.84,0.17,70.0,5578.0,0.99,0.913,,244.59,1,2,2016,0
TOI-3688 A b,0.0456,13.08088048,0.0,924.3,5950.0,1.302,1.199,0.2833,396.378,2,1,2023,0
Kepler-452 b,1.046,1.63,,1.1,5757.0,1.11,1.037,,551.727,1,1,2015,1
